{
  "episodes": 10,
  "avg_return": 20.3,
  "std_return": 0.45825756949558394,
  "avg_steps": 770.0,
  "std_steps": 111.45312916199347
}