{
  "episodes": 10,
  "avg_return": 30.1,
  "std_return": 8.653900854527974,
  "avg_steps": 512.8,
  "std_steps": 84.93032438416799
}