{
  "episodes": 10,
  "avg_return": 26.9,
  "std_return": 7.38173421358423,
  "avg_steps": 552.6,
  "std_steps": 69.11902777094018
}